,INSTNM,BRANCH,Address,City,State,ZIP,sector_cd,Sector_desc,men_total,women_total,Total,RAPE15,FONDL15,ROBBE15,AGG_A15,geo_address,lat_lng
4,University of Alabama in Huntsville,Main Campus,301 SPARKMAN DR,HUNTSVILLE,AL,35899,1,"Public, 4-year or above",4464.0,3402.0,7866.0,2,3,2,1,"301 SPARKMAN DR HUNTSVILLE, AL",
64,University of Montevallo,University of Montevallo,STATION 6001,MONTEVALLO,AL,35115,1,"Public, 4-year or above",968.0,2063.0,3031.0,1,1,1,0,"STATION 6001 MONTEVALLO, AL",
89,Spring Hill College,Spring Hill College,4000 DAUPHIN ST,MOBILE,AL,366081791,2,"Private nonprofit, 4-year or above",592.0,887.0,1479.0,2,1,0,0,"4000 DAUPHIN ST MOBILE, AL",
102,Tuskegee University,TUSKEGEE UNIVERSITY,"Kresge Center, 3rd Floor RM 310",Tuskegee,AL,360881920,2,"Private nonprofit, 4-year or above",1187.0,1809.0,2996.0,1,0,1,3,"Kresge Center, 3rd Floor RM 310 Tuskegee, AL",
122,University of Alaska Southeast,Main Campus/Auke Bay,11066 Auke Lake Way,JUNEAU,AK,99801,1,"Public, 4-year or above",929.0,1871.0,2800.0,0,2,0,0,"11066 Auke Lake Way JUNEAU, AK",
158,University of Arizona,Main Campus,1200 E. Univeristy,TUCSON,AZ,857210021,1,"Public, 4-year or above",20628.0,21967.0,42595.0,10,1,1,2,"1200 E. Univeristy TUCSON, AZ",
197,Dine College,Main Campus,"Route 12, NHC Bldg. 1st Floor, Room 113",TSAILE,AZ,86556,1,"Public, 4-year or above",473.0,1017.0,1490.0,0,0,0,1,"Route 12, NHC Bldg. 1st Floor, Room 113 TSAILE, AZ",
198,Dine College,Shiprock,Box 580,Shiprock,NM,87420,1,"Public, 4-year or above",473.0,1017.0,1490.0,0,0,0,1,"Box 580 Shiprock, NM",
203,Northern Arizona University,Flagstaff Mountain Campus,"Knoles Drive, Babbit Administrative Ctr",FLAGSTAFF,AZ,860114132,1,"Public, 4-year or above",11617.0,17404.0,29021.0,20,3,0,3,"Knoles Drive, Babbit Administrative Ctr FLAGSTAFF, AZ",
293,University of Arkansas for Medical Sciences,University of Arkansas for Medical Sciences,4301 W MARKHAM SLOT 583,LITTLE ROCK,AR,72205,1,"Public, 4-year or above",1004.0,2017.0,3021.0,0,3,0,1,"4301 W MARKHAM SLOT 583 LITTLE ROCK, AR",
304,University of Arkansas at Pine Bluff,UAPB - University of Arkansas at Pine Bluff,1200 N UNIVERSITY MAIL SLOT 4967,PINE BLUFF,AR,716014967,1,"Public, 4-year or above",1166.0,1492.0,2658.0,0,0,1,0,"1200 N UNIVERSITY MAIL SLOT 4967 PINE BLUFF, AR",
318,University of Central Arkansas,Main Campus,201 DONAGHEY AVE,CONWAY,AR,720350001,1,"Public, 4-year or above",4544.0,7210.0,11754.0,2,0,0,2,"201 DONAGHEY AVE CONWAY, AR",
446,California Institute of Technology,Main Campus,"1200 E CALIFORNIA BLVD, MC 200-63",PASADENA,CA,91125,2,"Private nonprofit, 4-year or above",1518.0,737.0,2255.0,4,0,1,0,"1200 E CALIFORNIA BLVD, MC 200-63 PASADENA, CA",
453,Alliant International University-San Diego,Alliant International University - Fresno,5130 E. Clinton Way,Fresno,CA,93727,3,"Private for-profit, 4-year or above",1109.0,2400.0,3509.0,0,0,1,0,"5130 E. Clinton Way Fresno, CA",
458,Alliant International University-San Diego,San Fransisco Law School,20 Haight Street,San Francisco,CA,94102,3,"Private for-profit, 4-year or above",1109.0,2400.0,3509.0,0,0,0,1,"20 Haight Street San Francisco, CA",
468,California State University-Fresno,Main Campus,5200 N BARTON AVE,FRESNO,CA,93740,1,"Public, 4-year or above",10052.0,14084.0,24136.0,1,0,0,2,"5200 N BARTON AVE FRESNO, CA",
481,University of California-Berkeley,Main Campus,Rm. 1 Sproul Hall,Berkeley,CA,947201199,1,"Public, 4-year or above",18966.0,19223.0,38189.0,13,24,9,7,"Rm. 1 Sproul Hall Berkeley, CA",
489,University of California-San Diego,Main Campus,9500 Gilman Dr Mail Code 0005,La Jolla,CA,920930005,1,"Public, 4-year or above",17822.0,15084.0,32906.0,7,7,1,4,"9500 Gilman Dr Mail Code 0005 La Jolla, CA",
511,CET-Sobrato,CET-San Jose Main Campus,701 VINE ST,SAN JOSE,CA,95110,8,"Private nonprofit, less-than 2-year",223.0,208.0,431.0,0,0,1,0,"701 VINE ST SAN JOSE, CA",
637,Humboldt State University,Humboldt State University,1 HARPST STREET,ARCATA,CA,955218299,1,"Public, 4-year or above",3843.0,4947.0,8790.0,6,3,0,8,"1 HARPST STREET ARCATA, CA",
686,Los Angeles Trade Technical College,Los Angeles Trade Technical College,400 W. Washington Blvd.,Los Angeles,CA,900154181,4,"Public, 2-year",7741.0,6909.0,14650.0,1,0,2,0,"400 W. Washington Blvd. Los Angeles, CA",
721,Mission College,Mission College,3000 Mission College Blvd,Santa Clara,CA,95054,4,"Public, 2-year",3861.0,4715.0,8576.0,0,0,2,1,"3000 Mission College Blvd Santa Clara, CA",
724,Modesto Junior College,MJC/East Campus,435 COLLEGE AVE,MODESTO,CA,953505800,4,"Public, 2-year",7558.0,10181.0,17739.0,0,0,0,1,"435 COLLEGE AVE MODESTO, CA",
878,University of San Diego,UNIVERSITY OF SAN DIEGO,5998 ALCALA PARK,SAN DIEGO,CA,921102492,2,"Private nonprofit, 4-year or above",3602.0,4649.0,8251.0,3,0,0,0,"5998 ALCALA PARK SAN DIEGO, CA",
948,Skyline College,Skyline College,3300 COLLEGE DRIVE,SAN BRUNO,CA,940661698,4,"Public, 2-year",4524.0,5157.0,9681.0,0,0,0,1,"3300 COLLEGE DRIVE SAN BRUNO, CA",
1005,Woodbury University,Woodbury University - Burbank Campus,7500 GLENOAKS BLVD,BURBANK,CA,915107846,2,"Private nonprofit, 4-year or above",726.0,731.0,1457.0,1,0,0,1,"7500 GLENOAKS BLVD BURBANK, CA",
1025,University of Colorado Denver/Anschutz Medical Campus,UCDHSC - Anschutz Medical Campus,"Mail Stop F409, P.O. Box 6508",Aurora,CO,800450508,1,"Public, 4-year or above",10090.0,13581.0,23671.0,1,1,1,1,"Mail Stop F409, P.O. Box 6508 Aurora, CO",
1268,Eastern Florida State College,Eastern Florida State College-Titusville Campus,1311 North U.S 1,Titusville,FL,32796,1,"Public, 4-year or above",6349.0,9244.0,15593.0,1,0,0,0,"1311 North U.S 1 Titusville, FL",
1289,University of Central Florida,Main Campus,4000 Central Florida Blvd.,ORLANDO,FL,32816,1,"Public, 4-year or above",28282.0,34671.0,62953.0,11,7,5,8,"4000 Central Florida Blvd. ORLANDO, FL",
1327,Florida Atlantic University,Boca Raton,777 GLADES RD,BOCA RATON,FL,334310991,1,"Public, 4-year or above",13072.0,17308.0,30380.0,5,0,0,1,"777 GLADES RD BOCA RATON, FL",
1351,Florida International University,Biscayne Bay Campus,3000 NE 15th St,Miami,FL,33181,1,"Public, 4-year or above",21858.0,27924.0,49782.0,0,0,0,1,"3000 NE 15th St Miami, FL",
1363,Florida Southern College,Main Campus,111 LAKE HOLLINGSWORTH DR,LAKELAND,FL,338015698,2,"Private nonprofit, 4-year or above",1010.0,1859.0,2869.0,1,1,0,0,"111 LAKE HOLLINGSWORTH DR LAKELAND, FL",
1374,University of Florida,University of Florida Jacksonville Regional Campus,648 West 11th St.,Jacksonville,FL,32209,1,"Public, 4-year or above",23195.0,27450.0,50645.0,0,0,1,1,"648 West 11th St. Jacksonville, FL",
1379,Full Sail University,Main Campus,3300 UNIVERSITY BLVD,WINTER PARK,FL,327927429,3,"Private for-profit, 4-year or above",14228.0,5797.0,20025.0,0,1,7,0,"3300 UNIVERSITY BLVD WINTER PARK, FL",
1564,University of South Florida-Main Campus,USF Tampa Campus,4202 EAST FOWLER AVE  UPB002,TAMPA,FL,336209951,1,"Public, 4-year or above",18923.0,23144.0,42067.0,3,2,7,1,"4202 EAST FOWLER AVE  UPB002 TAMPA, FL",
1619,Armstrong State University,Armstrong State University,11935 ABERCORN ST,SAVANNAH,GA,314191997,1,"Public, 4-year or above",2317.0,4786.0,7103.0,0,0,0,1,"11935 ABERCORN ST SAVANNAH, GA",
1624,Point University,Main Campus,507 W. 10th Street,West Point,GA,31833,2,"Private nonprofit, 4-year or above",791.0,791.0,1582.0,1,0,0,0,"507 W. 10th Street West Point, GA",
1683,Georgia Highlands College,Georgia Highlands College-Floyd Campus,3175  Cedartown Hwy.,ROME,GA,30161,1,"Public, 4-year or above",2148.0,3598.0,5746.0,0,0,1,0,"3175  Cedartown Hwy. ROME, GA",
1699,Georgia Southern University,Georgia Southern University,1332 Southern Drive,STATESBORO,GA,30460,1,"Public, 4-year or above",9786.0,10673.0,20459.0,4,0,3,1,"1332 Southern Drive STATESBORO, GA",
1777,University of Hawaii at Hilo,University of Hawaii at Hilo,200 W KAWILI ST,HILO,HI,967204091,1,"Public, 4-year or above",1464.0,2365.0,3829.0,0,1,1,0,"200 W KAWILI ST HILO, HI",
1877,Chicago State University,Main Campus,9501 S. King Drive Suite ADM #313,CHICAGO,IL,606281598,1,"Public, 4-year or above",1479.0,3288.0,4767.0,0,0,2,1,"9501 S. King Drive Suite ADM #313 CHICAGO, IL",
1959,Illinois College,Main Campus,1101 W COLLEGE AVE,JACKSONVILLE,IL,626502299,2,"Private nonprofit, 4-year or above",459.0,496.0,955.0,2,0,0,0,"1101 W COLLEGE AVE JACKSONVILLE, IL",
1967,Illinois State University,Main Campus,201 S. School St. Hovey Hall rm 421 Campus Box 1000,NORMAL,IL,617901000,1,"Public, 4-year or above",9139.0,11621.0,20760.0,12,3,0,7,"201 S. School St. Hovey Hall rm 421 Campus Box 1000 NORMAL, IL",
2431,University of Northern Iowa,Main Campus,1222 W 27TH ST,CEDAR FALLS,IA,50614,1,"Public, 4-year or above",4908.0,7073.0,11981.0,3,2,0,1,"1222 W 27TH ST CEDAR FALLS, IA",
2455,La James International College-Davenport,Main Campus,5205 N. Brady Street,DAVENPORT,IA,52806,6,"Private for-profit, 2-year",5.0,66.0,71.0,0,0,0,1,"5205 N. Brady Street DAVENPORT, IA",
2464,Southwestern Community College,Main Campus,1501 West Townline Street,CRESTON,IA,50801,4,"Public, 2-year",699.0,957.0,1656.0,0,0,0,1,"1501 West Townline Street CRESTON, IA",
2592,Washburn University,WASHBURN UNIVERSITY,1700 SW COLLEGE AVENUE,TOPEKA,KS,666211110,1,"Public, 4-year or above",2688.0,3927.0,6615.0,2,1,0,0,"1700 SW COLLEGE AVENUE TOPEKA, KS",
2636,Bluegrass Community and Technical College,Bluegrass Community & Technical College-Newtown Campus,500 Newtown Pike,Lexington,KY,405081207,4,"Public, 2-year",4479.0,5909.0,10388.0,0,0,0,1,"500 Newtown Pike Lexington, KY",
2735,Northern Kentucky University,Main Campus,"Nunn Drive, AC 800B",Highland Heights,KY,41076,1,"Public, 4-year or above",6333.0,8366.0,14699.0,6,0,0,0,"Nunn Drive, AC 800B Highland Heights, KY",
2816,Grambling State University,GRAMBLING STATE UNIVERSITY,100 FOUNDER STREET,GRAMBLING,LA,71245,1,"Public, 4-year or above",1803.0,2738.0,4541.0,1,0,4,6,"100 FOUNDER STREET GRAMBLING, LA",
2838,McNeese State University,McNeese State UIniveristy Main Campus,4205 RYAN ST,LAKE CHARLES,LA,70609,1,"Public, 4-year or above",3245.0,4908.0,8153.0,0,0,1,1,"4205 RYAN ST LAKE CHARLES, LA",
3032,University of Maryland-College Park,Main Campus,US Route 1,COLLEGE PARK,MD,20742,1,"Public, 4-year or above",20361.0,17779.0,38140.0,15,14,1,1,"US Route 1 COLLEGE PARK, MD",
3040,Montgomery College,Montgomery College:Takoma Park/Silver Spring,7600 Takoma Avenue,Takoma Park,MD,20912,4,"Public, 2-year",11963.0,13357.0,25320.0,0,1,0,1,"7600 Takoma Avenue Takoma Park, MD",
3104,Boston University,Boston University Medical Campus,715 Albany Street,Boston,MA,02118,2,"Private nonprofit, 4-year or above",13301.0,18857.0,32158.0,2,3,4,27,"715 Albany Street Boston, MA",
3114,Brandeis University,Main Campus,415 South Street,Waltham,MA,024539110,2,"Private nonprofit, 4-year or above",2599.0,3153.0,5752.0,16,2,0,0,"415 South Street Waltham, MA",
3174,College of the Holy Cross,Main Campus,ONE COLLEGE STREET,WORCESTER,MA,016102395,2,"Private nonprofit, 4-year or above",1372.0,1357.0,2729.0,3,1,0,0,"ONE COLLEGE STREET WORCESTER, MA",
3281,Wellesley College,Main Campus,106 CENTRAL ST,WELLESLEY,MA,024818203,2,"Private nonprofit, 4-year or above",67.0,2443.0,2510.0,6,0,0,0,"106 CENTRAL ST WELLESLEY, MA",
3299,Aquinas College,Main Campus,1607 ROBINSON RD SE,GRAND RAPIDS,MI,495061799,2,"Private nonprofit, 4-year or above",741.0,1153.0,1894.0,2,0,0,0,"1607 ROBINSON RD SE GRAND RAPIDS, MI",
3378,Delta College,Delta College,1961 Delta Road,UNIVERSITY CENTER,MI,48710,4,"Public, 2-year",4239.0,5052.0,9291.0,0,1,0,0,"1961 Delta Road UNIVERSITY CENTER, MI",
3516,Olivet College,Main Campus,320 South Main Street,OLIVET,MI,49076,2,"Private nonprofit, 4-year or above",595.0,419.0,1014.0,1,0,0,2,"320 South Main Street OLIVET, MI",
3568,Western Michigan University,Main Campus,1903 West Michigan Avenue,Kalamazoo,MI,490085167,1,"Public, 4-year or above",11553.0,11976.0,23529.0,9,3,6,5,"1903 West Michigan Avenue Kalamazoo, MI",
3621,Hamline University,Main Campus,1536 HEWITT AVENUE,SAINT PAUL,MN,551041284,2,"Private nonprofit, 4-year or above",1625.0,2633.0,4258.0,4,4,0,0,"1536 HEWITT AVENUE SAINT PAUL, MN",
3637,Mayo Medical School,Main Campus,200 1ST ST SW,ROCHESTER,MN,55905,2,"Private nonprofit, 4-year or above",110.0,108.0,218.0,0,5,0,1,"200 1ST ST SW ROCHESTER, MN",
3676,Saint Johns University,Main Campus,Box 2000,COLLEGEVILLE,MN,563212000,2,"Private nonprofit, 4-year or above",1804.0,65.0,1869.0,3,0,0,1,"Box 2000 COLLEGEVILLE, MN",
3960,Missouri University of Science and Technology,Missouri S&T,"300 W. 13th Street, 206 Parker Hall",ROLLA,MO,654091060,1,"Public, 4-year or above",6845.0,2041.0,8886.0,0,1,1,3,"300 W. 13th Street, 206 Parker Hall ROLLA, MO",
4061,Southeast Missouri State University,Southeast Missouri State University,ONE UNIVERSITY PLZ,CAPE GIRARDEAU,MO,637019980,1,"Public, 4-year or above",5166.0,6821.0,11987.0,12,0,0,1,"ONE UNIVERSITY PLZ CAPE GIRARDEAU, MO",
4254,Wayne State College,Main Campus,1111 MAIN ST,WAYNE,NE,68787,1,"Public, 4-year or above",1458.0,1973.0,3431.0,1,0,0,1,"1111 MAIN ST WAYNE, NE",
4449,Seton Hall University,Main Campus,400 S ORANGE AVE,SOUTH ORANGE,NJ,070792697,2,"Private nonprofit, 4-year or above",4203.0,5621.0,9824.0,6,3,0,0,"400 S ORANGE AVE SOUTH ORANGE, NJ",
4493,Navajo Technical University,Navajo Technical University,"Box 849, Lower Point Road, State Road 371",CROWNPOINT,NM,873130849,1,"Public, 4-year or above",674.0,1012.0,1686.0,0,0,7,4,"Box 849, Lower Point Road, State Road 371 CROWNPOINT, NM",
4512,University of New Mexico-Main Campus,Main Campus,2500 Campus Blvd. NE MSC02 1540,ALBUQUERQUE,NM,871310026,1,"Public, 4-year or above",12287.0,14998.0,27285.0,12,15,5,14,"2500 Campus Blvd. NE MSC02 1540 ALBUQUERQUE, NM",
4591,Cazenovia College,Main Campus,22 Sullivan St,CAZENOVIA,NY,13035,2,"Private nonprofit, 4-year or above",275.0,797.0,1072.0,5,3,0,0,"22 Sullivan St CAZENOVIA, NY",
4597,Clarkson University,Main Campus,10 Clarkson Ave.,POTSDAM,NY,136995557,2,"Private nonprofit, 4-year or above",2710.0,1200.0,3910.0,2,1,0,2,"10 Clarkson Ave. POTSDAM, NY",
4618,Weill Cornell Medical College,Qatar Campus,"PO Box 24144, Education City, Al Luqta Street",Doha,,00,2,"Private nonprofit, 4-year or above",494.0,543.0,1037.0,0,2,0,0,"PO Box 24144, Education City, Al Luqta Street Doha, ",
4631,CUNY Bronx Community College,Bronx Community College - Main Campus,2155 UNIVERSITY AVENUE,BRONX,NY,104533102,4,"Public, 2-year",4896.0,6538.0,11434.0,0,3,1,0,"2155 UNIVERSITY AVENUE BRONX, NY",
4635,CUNY City College,The City College of New York,160 CONVENT AVE,NEW YORK,NY,10031,1,"Public, 4-year or above",7643.0,8135.0,15778.0,0,2,1,1,"160 CONVENT AVE NEW YORK, NY",
4639,CUNY Hostos Community College,Main Campus,500 GRAND CONCOURSE,BRONX,NY,10451,4,"Public, 2-year",2489.0,4882.0,7371.0,0,0,0,1,"500 GRAND CONCOURSE BRONX, NY",
4667,Elmira College,Main Campus,One Park Place,Elmira,NY,14901,2,"Private nonprofit, 4-year or above",415.0,961.0,1376.0,3,0,0,1,"One Park Place Elmira, NY",
4694,Hobart William Smith Colleges,Main Campus,300 Pulteney Street,GENEVA,NY,14456,2,"Private nonprofit, 4-year or above",1189.0,1162.0,2351.0,6,0,0,1,"300 Pulteney Street GENEVA, NY",
4726,LIU Brooklyn,Main Campus,UNIVERSITY PLAZA,BROOKLYN,NY,112015372,2,"Private nonprofit, 4-year or above",2500.0,5670.0,8170.0,0,4,2,5,"UNIVERSITY PLAZA BROOKLYN, NY",
4770,Mount Saint Mary College,Main Campus,330 POWELL AVE,NEWBURGH,NY,12550,2,"Private nonprofit, 4-year or above",715.0,1793.0,2508.0,1,1,0,0,"330 POWELL AVE NEWBURGH, NY",
4833,Pace University-New York,Pleasantville/Briarcliff,861 Bedford Rd,Pleasantville,NY,10570,2,"Private nonprofit, 4-year or above",5161.0,7682.0,12843.0,1,0,1,0,"861 Bedford Rd Pleasantville, NY",
4856,Empire Beauty School-Manhattan,"Empire Beauty School - Manhattan, NY",22 W 34TH ST 2nd floor,NEW YORK,NY,100013010,9,"Private for-profit, less-than 2-year",36.0,530.0,566.0,0,0,0,1,"22 W 34TH ST 2nd floor NEW YORK, NY",
4860,St Bonaventure University,Main Campus,3261 West State Road,SAINT BONAVENTURE,NY,14778,2,"Private nonprofit, 4-year or above",956.0,1036.0,1992.0,3,0,0,2,"3261 West State Road SAINT BONAVENTURE, NY",
4890,SUNY College of Technology at Alfred,Alfred State College - Alfred Campus,10 Upper College Drive,ALFRED,NY,14802,1,"Public, 4-year or above",2275.0,1424.0,3699.0,3,1,0,0,"10 Upper College Drive ALFRED, NY",
4907,SUNY Buffalo State,Buffalo State College,1300 ELMWOOD AVE,BUFFALO,NY,142221095,1,"Public, 4-year or above",4308.0,6022.0,10330.0,4,5,3,7,"1300 ELMWOOD AVE BUFFALO, NY",
5071,Brevard College,Main Campus,1 Brevard College Drive,Brevard,NC,287123306,2,"Private nonprofit, 4-year or above",398.0,331.0,729.0,2,0,0,3,"1 Brevard College Drive Brevard, NC",
5117,Duke University,Main Campus,207 ALLEN BLDG. BOX 90001,DURHAM,NC,27708,2,"Private nonprofit, 4-year or above",8094.0,7890.0,15984.0,13,6,3,1,"207 ALLEN BLDG. BOX 90001 DURHAM, NC",
5130,Forsyth Technical Community College,Main Campus,2100 SILAS CREEK PKY,Winston-Salem,NC,271035197,4,"Public, 2-year",3397.0,4999.0,8396.0,0,0,1,4,"2100 SILAS CREEK PKY Winston-Salem, NC",
5160,Johnston Community College,Main Campus,245 COLLEGE ROAD,SMITHFIELD,NC,275772350,4,"Public, 2-year",1408.0,2561.0,3969.0,0,2,0,0,"245 COLLEGE ROAD SMITHFIELD, NC",
5170,Louisburg College,Main Campus,501 N. Main St.,Louisburg,NC,275492399,5,"Private nonprofit, 2-year",447.0,258.0,705.0,0,2,0,1,"501 N. Main St. Louisburg, NC",
5666,Wittenberg University,Main Campus,200 W. Ward Street,SPRINGFIELD,OH,455042199,2,"Private nonprofit, 4-year or above",801.0,1075.0,1876.0,1,5,0,0,"200 W. Ward Street SPRINGFIELD, OH",
5668,Wright State University-Main Campus,Dayton (Main) Campus,3640 Colonel Glenn Highway,Dayton,OH,454350001,1,"Public, 4-year or above",8255.0,8815.0,17070.0,5,6,4,1,"3640 Colonel Glenn Highway Dayton, OH",
5705,Northeastern Oklahoma A&M College,Main Campus,200 I ST NE,Miami,OK,74354,4,"Public, 2-year",889.0,1218.0,2107.0,1,0,1,0,"200 I ST NE Miami, OK",
5707,Northwestern Oklahoma State University,Main Campus,709 OKLAHOMA BLVD,ALVA,OK,737172799,1,"Public, 4-year or above",928.0,1208.0,2136.0,2,0,0,0,"709 OKLAHOMA BLVD ALVA, OK",
5736,Rose State College,Rose State College,6420 S E 15TH,MIDWEST CITY,OK,731102799,4,"Public, 2-year",2572.0,4040.0,6612.0,0,1,1,4,"6420 S E 15TH MIDWEST CITY, OK",
5784,Concordia University-Portland,Main Campus,2811 NE Holman Street,Portland,OR,972116099,2,"Private nonprofit, 4-year or above",1715.0,5467.0,7182.0,1,0,0,0,"2811 NE Holman Street Portland, OR",
5985,Edinboro University of Pennsylvania,Main Campus,"Accounting Office, Room 230, McNerney Hall",Edinboro,PA,164440001,1,"Public, 4-year or above",2507.0,4041.0,6548.0,4,0,0,1,"Accounting Office, Room 230, McNerney Hall Edinboro, PA",
6005,Gannon University,Main Campus,109 University Square,ERIE,PA,165410001,2,"Private nonprofit, 4-year or above",2040.0,2376.0,4416.0,3,2,7,0,"109 University Square ERIE, PA",
6129,Pennsylvania State University-Penn State Schuylkill,Schuylkill Campus Penn State,200 UNIVERSITY DR,SCHUYLKILL HAVEN,PA,179722208,1,"Public, 4-year or above",314.0,469.0,783.0,0,1,0,0,"200 UNIVERSITY DR SCHUYLKILL HAVEN, PA",
6184,Robert Morris University,Main Campus,6001 University Blvd,MOON TOWNSHIP,PA,151081189,2,"Private nonprofit, 4-year or above",2918.0,2459.0,5377.0,3,0,0,0,"6001 University Blvd MOON TOWNSHIP, PA",
6232,Valley Forge Military College,Main Campus,1001 Eagle Rd  ATTN: Wayne Hall,Wayne,PA,19087,5,"Private nonprofit, 2-year",292.0,42.0,334.0,0,1,0,7,"1001 Eagle Rd  ATTN: Wayne Hall Wayne, PA",
6270,Providence College,Main Campus,1 Cunningham Square,PROVIDENCE,RI,029180001,2,"Private nonprofit, 4-year or above",2004.0,2558.0,4562.0,2,0,0,0,"1 Cunningham Square PROVIDENCE, RI",
6355,Medical University of South Carolina,Main Campus,179 ASHLEY AVE MSC 001,CHARLESTON,SC,29425,1,"Public, 4-year or above",1112.0,1880.0,2992.0,4,2,0,3,"179 ASHLEY AVE MSC 001 CHARLESTON, SC",
6358,Newberry College,Main Campus,2100 COLLEGE ST,NEWBERRY,SC,29108,2,"Private nonprofit, 4-year or above",573.0,491.0,1064.0,0,1,0,0,"2100 COLLEGE ST NEWBERRY, SC",
6432,South Dakota State University,Main Campus,"Box 2201, ADM 324",Brookings,SD,570071998,1,"Public, 4-year or above",5852.0,6724.0,12576.0,4,0,0,1,"Box 2201, ADM 324 Brookings, SD",
6533,Middle Tennessee State University,Main Campus,1301 East Main Street,MURFREESBORO,TN,37132,1,"Public, 4-year or above",10199.0,12312.0,22511.0,7,3,3,3,"1301 East Main Street MURFREESBORO, TN",
6659,Baylor University,Main Campus,One Bear Place #97090,WACO,TX,767987090,2,"Private nonprofit, 4-year or above",7373.0,9414.0,16787.0,23,3,0,5,"One Bear Place #97090 WACO, TX",
6699,Texas A & M University-Corpus Christi,Main Campus,6300 Ocean Dr.,Corpus Christi,TX,784125503,1,"Public, 4-year or above",4617.0,7044.0,11661.0,1,1,0,2,"6300 Ocean Dr. Corpus Christi, TX",
6828,Covenant School of Nursing and Allied Health,Main Campus,1919 Frankford Ave.,LUBBOCK,TX,79407,5,"Private nonprofit, 2-year",68.0,224.0,292.0,1,0,0,0,"1919 Frankford Ave. LUBBOCK, TX",
6962,Texas A & M University-Kingsville,Texas A&M University Kingsville,700 UNIVERSITY BLVD,KINGSVILLE,TX,78363,1,"Public, 4-year or above",5205.0,4002.0,9207.0,3,3,0,1,"700 UNIVERSITY BLVD KINGSVILLE, TX",
6999,Texas Tech University,Texas Tech University - Lubbock,"150 Administration Building, Box 42005",LUBBOCK,TX,794092005,1,"Public, 4-year or above",19385.0,16474.0,35859.0,8,1,2,0,"150 Administration Building, Box 42005 LUBBOCK, TX",
7126,Bennington College,Main Campus,One College Drive,Bennington,VT,052016001,2,"Private nonprofit, 4-year or above",282.0,519.0,801.0,3,0,0,0,"One College Drive Bennington, VT",
7186,Ferrum College,Ferrum College,215 Ferrum Mountain Road,FERRUM,VA,240889000,2,"Private nonprofit, 4-year or above",735.0,599.0,1334.0,0,1,0,0,"215 Ferrum Mountain Road FERRUM, VA",
7192,George Mason University,Mason Korea,119 SONGDO MUNHWA-SO,YEONSU GU INCHEON,,406-840,1,"Public, 4-year or above",15887.0,18042.0,33929.0,0,4,0,0,"119 SONGDO MUNHWA-SO YEONSU GU INCHEON, ",
7205,James Madison University,Main Campus-Harrisonburg,821 South Main Street  MSC 6810,HARRISONBURG,VA,22807,1,"Public, 4-year or above",8583.0,12644.0,21227.0,12,4,1,1,"821 South Main Street  MSC 6810 HARRISONBURG, VA",
7361,Virginia Commonwealth University,MCV Campus,910 W. Franklin St.,Richmond,VA,232842024,1,"Public, 4-year or above",12899.0,18019.0,30918.0,3,3,1,1,"910 W. Franklin St. Richmond, VA",
7579,Madison Area Technical College,Downtown Educational Center,211 North Carroll Street,MADISON,WI,53703,1,"Public, 4-year or above",7463.0,9057.0,16520.0,0,0,0,1,"211 North Carroll Street MADISON, WI",
7591,Carroll University,Main Campus,100 N EAST AVE,WAUKESHA,WI,53186,2,"Private nonprofit, 4-year or above",1232.0,2276.0,3508.0,4,4,0,0,"100 N EAST AVE WAUKESHA, WI",
7691,Western Technical College,Main Campus,400 Seventh St. North,LA CROSSE,WI,546020908,4,"Public, 2-year",1746.0,2298.0,4044.0,0,0,0,1,"400 Seventh St. North LA CROSSE, WI",
7698,University of Wisconsin-Whitewater,Main Campus,800 W. Main St.,WHITEWATER,WI,53190,1,"Public, 4-year or above",6141.0,6219.0,12360.0,7,0,1,1,"800 W. Main St. WHITEWATER, WI",
7736,University of Wyoming,University of Wyoming,Dept. 3434 1000 E. University Old Main #206,Laramie,WY,82071,1,"Public, 4-year or above",6132.0,6516.0,12648.0,14,1,0,0,"Dept. 3434 1000 E. University Old Main #206 Laramie, WY",
7766,Universidad Metropolitana,Bayamon,"CENTRO DE GOBIERNO BAYAMON EDIF B, C, D Y F",BAYAMON,PR,00960,2,"Private nonprofit, 4-year or above",4950.0,8969.0,13919.0,0,0,4,0,"CENTRO DE GOBIERNO BAYAMON EDIF B, C, D Y F BAYAMON, PR",
7789,Instituto de Banca y Comercio Inc,Mayaguez,Avenida Tenerife 75 Carretera 2 Bo Sultana,Mayaguez,PR,006801429,6,"Private for-profit, 2-year",5958.0,7761.0,13719.0,0,0,2,0,"Avenida Tenerife 75 Carretera 2 Bo Sultana Mayaguez, PR",
7790,Instituto de Banca y Comercio Inc,Guayama,Carretera 3 km 138.21 Edificio Iraola Bo Machete,Guayama,PR,007849604,6,"Private for-profit, 2-year",5958.0,7761.0,13719.0,0,0,2,0,"Carretera 3 km 138.21 Edificio Iraola Bo Machete Guayama, PR",
7794,Instituto de Banca y Comercio Inc,Lajas,65 Infanteria St. 49 Interior Box 508,Lajas,PR,00667,6,"Private for-profit, 2-year",5958.0,7761.0,13719.0,0,0,2,0,"65 Infanteria St. 49 Interior Box 508 Lajas, PR",
7805,Instituto Tecnologico de Puerto Rico-Recinto de Ponce,Instituto Tecnologico de P.R.-Recinto de Ponce,CANDIDO HOYOS 4820 URB. PERLA DEL SUR,PONCE,PR,00717,4,"Public, 2-year",451.0,214.0,665.0,0,0,2,0,"CANDIDO HOYOS 4820 URB. PERLA DEL SUR PONCE, PR",
7822,National University College-Bayamon,Main Campus,ST RD 2 NATIONAL COLLEGE PLAZA BLDG. KM.,BAYAMON,PR,009602036,3,"Private for-profit, 4-year or above",1676.0,3596.0,5272.0,0,0,1,0,"ST RD 2 NATIONAL COLLEGE PLAZA BLDG. KM. BAYAMON, PR",
7823,National University College-Arecibo,Arecibo Branch Campus,Manuel Perez Aviles St. Victor Rojas Avenue,ARECIBO,PR,00612,3,"Private for-profit, 4-year or above",583.0,868.0,1451.0,0,0,0,5,"Manuel Perez Aviles St. Victor Rojas Avenue ARECIBO, PR",
7826,Ponce School of Medicine and Health Sciences,Ponce Health Sciences University,Urb Industrial Reparada 2 #388,PONCE,PR,007162347,3,"Private for-profit, 4-year or above",272.0,537.0,809.0,0,0,3,0,"Urb Industrial Reparada 2 #388 PONCE, PR",
7923,St. John's College,St. John's College Santa Fe,1160 CAMINO de CRUZ BLANCA,SANTA FE,NM,875054599,2,"Private nonprofit, 4-year or above",226.0,164.0,390.0,2,0,0,0,"1160 CAMINO de CRUZ BLANCA SANTA FE, NM",
8089,New College of Florida,New College of Florida,5800 Bay Shore Road,SARASOTA,FL,34243,1,"Public, 4-year or above",336.0,525.0,861.0,1,0,0,0,"5800 Bay Shore Road SARASOTA, FL",
8117,Caribbean University-Vega Baja,Vega Baja,BARRIO ALGARROBO  SECTOR CRIOLLO CARR 67 Km .5,VEGA BAJA,PR,00693,2,"Private nonprofit, 4-year or above",166.0,309.0,475.0,0,0,1,0,"BARRIO ALGARROBO  SECTOR CRIOLLO CARR 67 Km .5 VEGA BAJA, PR",
8154,Mayo Graduate School,Main Campus,200 1ST ST SW,ROCHESTER,MN,55905,2,"Private nonprofit, 4-year or above",117.0,159.0,276.0,0,5,0,1,"200 1ST ST SW ROCHESTER, MN",
8328,EDIC College,EDIC COLLEGE CAGUAS CAMPUS,CALLE GÉNOVA NÜM 8 ESQ 5 URB CAGUAS NORTE,CAGUAS,PR,007269120,6,"Private for-profit, 2-year",361.0,884.0,1245.0,0,0,1,0,"CALLE GÉNOVA NÜM 8 ESQ 5 URB CAGUAS NORTE CAGUAS, PR",
8367,Fond du Lac Tribal and Community College,Main Campus,2101 14TH ST,CLOQUET,MN,557205581,4,"Public, 2-year",948.0,1279.0,2227.0,0,1,0,0,"2101 14TH ST CLOQUET, MN",
8404,Southwest Collegiate Institute for the Deaf,SouthWest Colligate Institute for the Deaf,3200 AVE C,BIG SPRING,TX,797207298,4,"Public, 2-year",59.0,55.0,114.0,0,2,0,0,"3200 AVE C BIG SPRING, TX",
8470,Diversified Vocational College,Diversified Vocational College,1670 Wilshire Blvd,Los Angeles,CA,900171604,9,"Private for-profit, less-than 2-year",359.0,379.0,738.0,0,0,0,1,"1670 Wilshire Blvd Los Angeles, CA",
8593,South Texas College,Pecan Campus,3201 W PECAN,MCALLEN,TX,785029701,1,"Public, 4-year or above",15117.0,19254.0,34371.0,0,3,0,0,"3201 W PECAN MCALLEN, TX",
9203,Modern Hairstyling Institute-Carolina,Main Campus,Carr PR-887 KM 0.9 Bo. Martin Gonzalez Victoria Park,Carolina,PR,00985,9,"Private for-profit, less-than 2-year",47.0,105.0,152.0,0,0,2,0,"Carr PR-887 KM 0.9 Bo. Martin Gonzalez Victoria Park Carolina, PR",
9213,Branford Hall Career Institute-Springfield Campus,Branford Hall Career Institute,"189 Brookdale Drive, Suite B",SPRINGFIELD,MA,01104,9,"Private for-profit, less-than 2-year",182.0,347.0,529.0,0,0,0,1,"189 Brookdale Drive, Suite B SPRINGFIELD, MA",
9385,Le Cordon Bleu College of Culinary Arts-Orlando,Le Cordon Bleu College of Culinary Arts-Orlando,8511 COMMODITY CIR,ORLANDO,FL,32819,6,"Private for-profit, 2-year",453.0,464.0,917.0,0,0,0,1,"8511 COMMODITY CIR ORLANDO, FL",
9540,Flagler College-Tallahassee,Flagler College-Tallahassee,444 APPLEYARD DR,TALLAHASSEE,FL,32304,2,"Private nonprofit, 4-year or above",142.0,300.0,442.0,0,0,1,0,"444 APPLEYARD DR TALLAHASSEE, FL",
9857,Brite Divinity School,Brite Divinity School,2800 S. University Dr.,Fort Worth,TX,76129,2,"Private nonprofit, 4-year or above",111.0,106.0,217.0,12,0,1,2,"2800 S. University Dr. Fort Worth, TX",
10847,Paul Mitchell the School-Jersey Shore,Main Campus,712 Route 70,Brick,NJ,087233413,9,"Private for-profit, less-than 2-year",5.0,119.0,124.0,0,0,1,0,"712 Route 70 Brick, NJ",
10882,Middle Georgia State University,Cochran,1100 Second Street,Cochran,GA,310141599,1,"Public, 4-year or above",3229.0,4447.0,7676.0,3,0,0,0,"1100 Second Street Cochran, GA",
11234,Presidio Graduate School,Main Campus,1202 Ralston Ave #300,San Francisco,CA,941291749,2,"Private nonprofit, 4-year or above",54.0,79.0,133.0,0,0,3,0,"1202 Ralston Ave #300 San Francisco, CA",
11265,Emory University-Oxford College,Oxford College Campus,810 Whatcoat Street,Oxford,GA,30054,5,"Private nonprofit, 2-year",404.0,532.0,936.0,0,4,0,0,"810 Whatcoat Street Oxford, GA",
